{"cameraMode":{"drawMode":0,"name":"Shaded","section":"Shading Mode"},"sceneLighting":true,"audioPlay":false,"sceneViewState":{"showFog":true,"showMaterialUpdate":false,"showSkybox":true,"showFlares":true,"showImageEffects":true,"showParticleSystems":true},"in2DMode":false,"pivot":{"x":-4.44832181930542,"y":6.925955772399902,"z":-12.450222969055176},"rotation":{"x":0.1889163702726364,"y":-0.30057385563850405,"z":0.06089317426085472,"w":0.9329095482826233},"size":11.228598594665528,"orthographic":false}